model	md5	caprieval_rank	score	irmsd	fnat	lrmsd	ilrmsd	dockq	rmsd	cluster_id	cluster_ranking	model-cluster_ranking	air	angles	bonds	bsa	cdih	coup	dani	desolv	dihe	elec	improper	rdcs	rg	sym	total	vdw	vean	xpcs
../../7_emscoring/emscoring_2.pdb	-	1	-129.536	0.000	1.000	0.000	0.000	1.000	0.000	-	-	-	0.000	326.214	71.924	2283.590	0.000	0.000	0.000	13.367	2506.130	-550.970	99.972	0.000	0.000	0.000	-583.678	-32.709	0.000	0.000
../../7_emscoring/emscoring_4.pdb	-	2	-124.541	0.496	0.892	1.447	0.888	0.922	0.574	-	-	-	0.000	327.937	69.349	2248.140	0.000	0.000	0.000	9.590	2517.290	-522.734	99.245	0.000	0.000	0.000	-552.318	-29.584	0.000	0.000
../../7_emscoring/emscoring_3.pdb	-	3	-117.398	0.464	0.819	1.090	0.763	0.905	0.552	-	-	-	0.000	330.769	70.088	2133.110	0.000	0.000	0.000	12.833	2520.600	-514.076	101.683	0.000	0.000	0.000	-541.492	-27.415	0.000	0.000
../../7_emscoring/emscoring_1.pdb	-	4	-114.574	0.420	0.855	0.692	0.598	0.925	0.440	-	-	-	0.000	332.141	71.728	2160.720	0.000	0.000	0.000	8.002	2512.070	-427.262	97.863	0.000	0.000	0.000	-464.386	-37.124	0.000	0.000
../../7_emscoring/emscoring_5.pdb	-	5	-100.369	2.607	0.325	7.306	5.988	0.383	2.738	-	-	-	0.000	314.031	66.944	1610.940	0.000	0.000	0.000	0.974	2521.810	-255.175	96.757	0.000	0.000	0.000	-305.483	-50.308	0.000	0.000
../../7_emscoring/emscoring_9.pdb	-	6	-96.299	10.566	0.072	27.311	19.348	0.060	13.309	-	-	-	0.000	328.006	66.570	1553.240	0.000	0.000	0.000	13.249	2506.360	-342.420	101.335	0.000	0.000	0.000	-383.484	-41.065	0.000	0.000
../../7_emscoring/emscoring_6.pdb	-	7	-92.350	2.471	0.313	6.952	5.754	0.394	2.417	-	-	-	0.000	323.837	67.586	1553.930	0.000	0.000	0.000	10.552	2525.290	-357.185	97.476	0.000	0.000	0.000	-388.650	-31.465	0.000	0.000
../../7_emscoring/emscoring_7.pdb	-	8	-89.503	2.720	0.289	8.204	6.476	0.347	2.780	-	-	-	0.000	325.976	67.060	1394.260	0.000	0.000	0.000	17.704	2527.630	-346.344	98.147	0.000	0.000	0.000	-384.282	-37.938	0.000	0.000
../../7_emscoring/emscoring_11.pdb	-	9	-84.630	10.681	0.072	26.924	19.497	0.061	13.334	-	-	-	0.000	321.092	65.091	1511.200	0.000	0.000	0.000	10.365	2504.270	-274.950	98.426	0.000	0.000	0.000	-314.954	-40.005	0.000	0.000
../../7_emscoring/emscoring_8.pdb	-	10	-83.588	2.451	0.301	7.202	5.889	0.385	2.359	-	-	-	0.000	330.983	70.277	1311.180	0.000	0.000	0.000	17.127	2522.010	-389.723	99.848	0.000	0.000	0.000	-412.494	-22.770	0.000	0.000
../../7_emscoring/emscoring_10.pdb	-	11	-79.123	11.072	0.072	27.872	20.077	0.058	13.869	-	-	-	0.000	320.310	66.383	1520.170	0.000	0.000	0.000	14.916	2516.430	-301.824	97.228	0.000	0.000	0.000	-335.499	-33.674	0.000	0.000
../../7_emscoring/emscoring_12.pdb	-	12	-73.433	10.819	0.072	26.936	19.715	0.061	13.374	-	-	-	0.000	329.803	69.830	1464.540	0.000	0.000	0.000	11.299	2513.840	-265.886	100.828	0.000	0.000	0.000	-297.440	-31.554	0.000	0.000
../../7_emscoring/emscoring_14.pdb	-	13	-58.897	16.032	0.036	32.313	25.663	0.037	19.842	-	-	-	0.000	324.912	68.084	1633.690	0.000	0.000	0.000	19.829	2496.260	-228.934	97.252	0.000	0.000	0.000	-261.873	-32.939	0.000	0.000
../../7_emscoring/emscoring_16.pdb	-	14	-58.553	16.519	0.036	33.106	25.891	0.035	20.478	-	-	-	0.000	332.462	68.982	1668.620	0.000	0.000	0.000	20.204	2494.940	-225.948	99.703	0.000	0.000	0.000	-259.515	-33.567	0.000	0.000
../../7_emscoring/emscoring_15.pdb	-	15	-54.373	15.750	0.036	32.018	25.419	0.037	19.477	-	-	-	0.000	316.237	65.950	1427.220	0.000	0.000	0.000	24.868	2523.580	-245.824	97.530	0.000	0.000	0.000	-275.900	-30.076	0.000	0.000
../../7_emscoring/emscoring_13.pdb	-	16	-52.284	16.171	0.036	32.351	25.799	0.036	19.985	-	-	-	0.000	320.716	67.744	1482.260	0.000	0.000	0.000	18.042	2495.190	-199.794	99.838	0.000	0.000	0.000	-230.162	-30.367	0.000	0.000
../../7_emscoring/emscoring_20.pdb	-	17	-46.590	14.093	0.024	35.925	23.967	0.029	18.074	-	-	-	0.000	324.999	67.055	1196.070	0.000	0.000	0.000	6.734	2534.050	-94.416	99.277	0.000	0.000	0.000	-128.857	-34.441	0.000	0.000
../../7_emscoring/emscoring_19.pdb	-	18	-43.996	14.097	0.012	36.428	23.969	0.025	18.195	-	-	-	0.000	317.632	64.432	1242.960	0.000	0.000	0.000	5.692	2517.210	-85.429	93.871	0.000	0.000	0.000	-118.032	-32.602	0.000	0.000
../../7_emscoring/emscoring_17.pdb	-	19	-42.108	14.074	0.012	36.135	23.990	0.025	18.069	-	-	-	0.000	324.325	65.299	1099.640	0.000	0.000	0.000	3.652	2520.950	-71.511	98.020	0.000	0.000	0.000	-102.969	-31.457	0.000	0.000
../../7_emscoring/emscoring_18.pdb	-	20	-36.000	13.164	0.024	32.725	22.961	0.033	16.544	-	-	-	0.000	334.230	65.353	893.258	0.000	0.000	0.000	4.371	2505.080	-119.707	101.961	0.000	0.000	0.000	-136.137	-16.430	0.000	0.000
